im1002.jpg,ROT,5,,,,
im1004.jpg,ROT,5,,,,
im101.jpg,ROT,15,,,,
im102.jpg,ROT,27,,,,
im1024.jpg,ROT,9,,,,
im1025.jpg,ROT,20,,,,
im103.jpg,ROT,21,,,,
im1037.jpg,ROT,5,,,,
im1039.jpg,ROT,3,,,,
im104.jpg,ROT,6,,,,
im1047.jpg,ROT,4,,,,
im105.jpg,ROT,11,,,,
im1051.jpg,ROT,11,,,,
im1052.jpg,ROT,10,,,,
im1058.jpg,ROT,6,,,,
im106.jpg,ROT,10,,,,
im1064.jpg,ROT,9,,,,
im107.jpg,ROT,15,,,,
im1074.jpg,ROT,5,,,,
im1075.jpg,ROT,3,,,,
im1077.jpg,ROT,6,,,,
im1079.jpg,ROT,9,,,,
im1081.jpg,ROT,3,,,,
im1086.jpg,ROT,5,,,,
im109.jpg,ROT,2,,,,
im1091.jpg,ROT,8,,,,
im1096.jpg,ROT,15,,,,
im11.jpg,ROT,6,,,,
im110.jpg,ROT,7,,,,
im1106.jpg,ROT,4,,,,
im111.jpg,ROT,12,,,,
im1110.jpg,ROT,8,,,,
im1114.jpg,ROT,21,,,,
im1116.jpg,ROT,25,,,,
im1119.jpg,ROT,3,,,,
im112.jpg,ROT,2,,,,
im1128.jpg,ROT,16,,,,
im113.jpg,ROT,2,,,,
im1130.jpg,ROT,2,,,,
im1134.jpg,ROT,5,,,,
im114.jpg,ROT,9,,,,
im1144.jpg,ROT,6,,,,
im115.jpg,ROT,6,,,,
im1154.jpg,ROT,12,,,,
im116.jpg,ROT,2,,,,
im1168.jpg,ROT,3,,,,
im117.jpg,ROT,7,,,,
im1171.jpg,ROT,15,,,,
im1177.jpg,ROT,20,,,,
im118.jpg,ROT,21,,,,
im1185.jpg,ROT,3,,,,
im119.jpg,ROT,7,,,,
im12.jpg,ROT,5,,,,
im120.jpg,ROT,3,,,,
im1208.jpg,ROT,4,,,,
im121.jpg,ROT,15,,,,
im1217.jpg,ROT,62,,,,
im1218.jpg,ROT,15,,,,
im122.jpg,ROT,25,,,,
im123.jpg,ROT,6,,,,
im124.jpg,ROT,5,,,,
im125.jpg,ROT,9,,,,
im126.jpg,ROT,8,,,,
im127.jpg,ROT,9,,,,
im1273.jpg,ROT,6,,,,
im128.jpg,ROT,1,,,,
im1286.jpg,ROT,8,,,,
im1289.jpg,ROT,7,,,,
im129.jpg,ROT,5,,,,
im13.jpg,ROT,28,,,,
im130.jpg,ROT,6,,,,
im132.jpg,ROT,47,,,,
im134.jpg,ROT,11,,,,
im135.jpg,ROT,6,,,,
im136.jpg,ROT,3,,,,
im137.jpg,ROT,28,,,,
im138.jpg,ROT,7,,,,
im139.jpg,ROT,5,,,,
im140.jpg,ROT,20,,,,
im141.jpg,ROT,6,,,,
im142.jpg,ROT,5,,,,
im143.jpg,ROT,12,,,,
im144.jpg,ROT,4,,,,
im146.jpg,ROT,5,,,,
im147.jpg,ROT,48,,,,
im148.jpg,ROT,4,,,,
im149.jpg,ROT,32,,,,
im15.jpg,ROT,16,,,,
im150.jpg,ROT,7,,,,
im151.jpg,ROT,8,,,,
im152.jpg,ROT,14,,,,
im153.jpg,ROT,16,,,,
im154.jpg,ROT,7,,,,
im155.jpg,ROT,5,,,,
im156.jpg,ROT,6,,,,
im157.jpg,ROT,3,,,,
im158.jpg,ROT,5,,,,
im159.jpg,ROT,9,,,,
im16.jpg,ROT,8,,,,
im160.jpg,ROT,7,,,,
im161.jpg,ROT,4,,,,
im162.jpg,ROT,6,,,,
im163.jpg,ROT,12,,,,
im164.jpg,ROT,11,,,,
im165.jpg,ROT,10,,,,
im166.jpg,ROT,8,,,,
im168.jpg,ROT,6,,,,
im169.jpg,ROT,17,,,,
im17.jpg,ROT,6,,,,
im170.jpg,ROT,3,,,,
im172.jpg,ROT,29,,,,
im173.jpg,ROT,4,,,,
im175.jpg,ROT,4,,,,
im176.jpg,ROT,7,,,,
im177.jpg,ROT,26,,,,
im178.jpg,ROT,3,,,,
im179.jpg,ROT,3,,,,
im18.jpg,ROT,8,,,,
im180.jpg,ROT,7,,,,
im181.jpg,ROT,12,,,,
im182.jpg,ROT,6,,,,
im183.jpg,ROT,6,,,,
im184.jpg,ROT,3,,,,
im185.jpg,ROT,3,,,,
im186.jpg,ROT,5,,,,
im187.jpg,ROT,68,,,,
im188.jpg,ROT,11,,,,
im189.jpg,ROT,3,,,,
im19.jpg,ROT,4,,,,
im190.jpg,ROT,6,,,,
im191.jpg,ROT,6,,,,
im192.jpg,ROT,8,,,,
im193.jpg,ROT,16,,,,
im194.jpg,ROT,17,,,,
im196.jpg,ROT,9,,,,
im197.jpg,ROT,5,,,,
im198.jpg,ROT,2,,,,
im199.jpg,ROT,6,,,,
im200.jpg,ROT,4,,,,
im201.jpg,ROT,4,,,,
im202.jpg,ROT,25,,,,
im203.jpg,ROT,6,,,,
im204.jpg,ROT,5,,,,
im206.jpg,ROT,6,,,,
im207.jpg,ROT,4,,,,
im208.jpg,ROT,2,,,,
im209.jpg,ROT,8,,,,
im21.jpg,ROT,6,,,,
im210.jpg,ROT,25,,,,
im211.jpg,ROT,17,,,,
im212.jpg,ROT,5,,,,
im213.jpg,ROT,22,,,,
im214.jpg,ROT,7,,,,
im215.jpg,ROT,8,,,,
im216.jpg,ROT,32,,,,
im217.jpg,ROT,6,,,,
im218.jpg,ROT,3,,,,
im219.jpg,ROT,4,,,,
im22.jpg,ROT,7,,,,
im220.jpg,ROT,57,,,,
im221.jpg,ROT,3,,,,
im222.jpg,ROT,10,,,,
im223.jpg,ROT,2,,,,
im224.jpg,ROT,15,,,,
im225.jpg,ROT,11,,,,
im226.jpg,ROT,10,,,,
im227.jpg,ROT,23,,,,
im228.jpg,ROT,6,,,,
im229.jpg,ROT,41,,,,
im23.jpg,ROT,5,,,,
im230.jpg,ROT,11,,,,
im231.jpg,ROT,6,,,,
im232.jpg,ROT,2,,,,
im233.jpg,ROT,6,,,,
im234.jpg,ROT,6,,,,
im235.jpg,ROT,41,,,,
im236.jpg,ROT,3,,,,
im237.jpg,ROT,7,,,,
im238.jpg,ROT,6,,,,
im239.jpg,ROT,32,,,,
im24.jpg,ROT,5,,,,
im240.jpg,ROT,7,,,,
im241.jpg,ROT,11,,,,
im242.jpg,ROT,13,,,,
im243.jpg,ROT,3,,,,
im244.jpg,ROT,13,,,,
im246.jpg,ROT,28,,,,
im247.jpg,ROT,36,,,,
im248.jpg,ROT,12,,,,
im249.jpg,ROT,52,,,,
im25.jpg,ROT,10,,,,
im250.jpg,ROT,11,,,,
im251.jpg,ROT,9,,,,
im252.jpg,ROT,57,,,,
im253.jpg,ROT,4,,,,
im254.jpg,ROT,11,,,,
im255.jpg,ROT,13,,,,
im256.jpg,ROT,20,,,,
im257.jpg,ROT,11,,,,
im258.jpg,ROT,9,,,,
im259.jpg,ROT,15,,,,
im26.jpg,ROT,4,,,,
im260.jpg,ROT,15,,,,
im261.jpg,ROT,10,,,,
im262.jpg,ROT,4,,,,
im263.jpg,ROT,4,,,,
im264.jpg,ROT,2,,,,
im265.jpg,ROT,12,,,,
im268.jpg,ROT,5,,,,
im269.jpg,ROT,13,,,,
im27.jpg,ROT,38,,,,
im270.jpg,ROT,5,,,,
im271.jpg,ROT,9,,,,
im272.jpg,ROT,27,,,,
im273.jpg,ROT,4,,,,
im274.jpg,ROT,9,,,,
im275.jpg,ROT,5,,,,
im276.jpg,ROT,4,,,,
im277.jpg,ROT,4,,,,
im278.jpg,ROT,3,,,,
im279.jpg,ROT,9,,,,
im28.jpg,ROT,8,,,,
im280.jpg,ROT,3,,,,
im281.jpg,ROT,7,,,,
im282.jpg,ROT,1,,,,
im283.jpg,ROT,8,,,,
im284.jpg,ROT,19,,,,
im286.jpg,ROT,2,,,,
im287.jpg,ROT,25,,,,
im288.jpg,ROT,17,,,,
im289.jpg,ROT,8,,,,
im290.jpg,ROT,11,,,,
im291.jpg,ROT,60,,,,
im292.jpg,ROT,3,,,,
im293.jpg,ROT,4,,,,
im294.jpg,ROT,5,,,,
im295.jpg,ROT,3,,,,
im296.jpg,ROT,6,,,,
im297.jpg,ROT,24,,,,
im298.jpg,ROT,3,,,,
im299.jpg,ROT,2,,,,
im300.jpg,ROT,8,,,,
im301.jpg,ROT,8,,,,
im303.jpg,ROT,16,,,,
im304.jpg,ROT,2,,,,
im305.jpg,ROT,4,,,,
im307.jpg,ROT,9,,,,
im308.jpg,ROT,4,,,,
im309.jpg,ROT,12,,,,
im31.jpg,ROT,9,,,,
im310.jpg,ROT,66,,,,
im311.jpg,ROT,5,,,,
im313.jpg,ROT,24,,,,
im314.jpg,ROT,21,,,,
im315.jpg,ROT,25,,,,
im317.jpg,ROT,6,,,,
im318.jpg,ROT,26,,,,
im319.jpg,ROT,12,,,,
im32.jpg,ROT,19,,,,
im321.jpg,ROT,6,,,,
im322.jpg,ROT,4,,,,
im323.jpg,ROT,9,,,,
im324.jpg,ROT,11,,,,
im325.jpg,ROT,5,,,,
im326.jpg,ROT,9,,,,
im327.jpg,ROT,8,,,,
im329.jpg,ROT,5,,,,
im33.jpg,ROT,21,,,,
im330.jpg,ROT,47,,,,
im332.jpg,ROT,4,,,,
im333.jpg,ROT,8,,,,
im334.jpg,ROT,7,,,,
im336.jpg,ROT,11,,,,
im338.jpg,ROT,7,,,,
im339.jpg,ROT,1,,,,
im34.jpg,ROT,10,,,,
im342.jpg,ROT,15,,,,
im343.jpg,ROT,48,,,,
im346.jpg,ROT,2,,,,
im347.jpg,ROT,24,,,,
im349.jpg,ROT,4,,,,
im35.jpg,ROT,3,,,,
im350.jpg,ROT,5,,,,
im351.jpg,ROT,8,,,,
im352.jpg,ROT,5,,,,
im353.jpg,ROT,7,,,,
im354.jpg,ROT,4,,,,
im356.jpg,ROT,4,,,,
im359.jpg,ROT,19,,,,
im36.jpg,ROT,33,,,,
im360.jpg,ROT,4,,,,
im361.jpg,ROT,21,,,,
im362.jpg,ROT,17,,,,
im363.jpg,ROT,3,,,,
im364.jpg,ROT,8,,,,
im365.jpg,ROT,6,,,,
im367.jpg,ROT,7,,,,
im369.jpg,ROT,27,,,,
im37.jpg,ROT,27,,,,
im372.jpg,ROT,45,,,,
im374.jpg,ROT,8,,,,
im375.jpg,ROT,4,,,,
im377.jpg,ROT,13,,,,
im378.jpg,ROT,6,,,,
im379.jpg,ROT,50,,,,
im380.jpg,ROT,38,,,,
im381.jpg,ROT,44,,,,
im382.jpg,ROT,22,,,,
im383.jpg,ROT,7,,,,
im385.jpg,ROT,3,,,,
im386.jpg,ROT,11,,,,
im387.jpg,ROT,41,,,,
im388.jpg,ROT,13,,,,
im389.jpg,ROT,6,,,,
im39.jpg,ROT,29,,,,
im390.jpg,ROT,8,,,,
im391.jpg,ROT,4,,,,
im393.jpg,ROT,4,,,,
im394.jpg,ROT,6,,,,
im395.jpg,ROT,11,,,,
im396.jpg,ROT,34,,,,
im397.jpg,ROT,19,,,,
im398.jpg,ROT,4,,,,
im4.jpg,ROT,3,,,,
im40.jpg,ROT,43,,,,
im400.jpg,ROT,8,,,,
im401.jpg,ROT,21,,,,
im402.jpg,ROT,15,,,,
im403.jpg,ROT,31,,,,
im404.jpg,ROT,9,,,,
im405.jpg,ROT,27,,,,
im406.jpg,ROT,2,,,,
im407.jpg,ROT,6,,,,
im408.jpg,ROT,19,,,,
im409.jpg,ROT,14,,,,
im41.jpg,ROT,3,,,,
im410.jpg,ROT,18,,,,
im412.jpg,ROT,6,,,,
im413.jpg,ROT,25,,,,
im415.jpg,ROT,25,,,,
im416.jpg,ROT,5,,,,
im418.jpg,ROT,12,,,,
im419.jpg,ROT,17,,,,
im42.jpg,ROT,8,,,,
im423.jpg,ROT,7,,,,
im424.jpg,ROT,4,,,,
im425.jpg,ROT,8,,,,
im426.jpg,ROT,5,,,,
im427.jpg,ROT,10,,,,
im429.jpg,ROT,6,,,,
im43.jpg,ROT,10,,,,
im430.jpg,ROT,46,,,,
im432.jpg,ROT,22,,,,
im433.jpg,ROT,13,,,,
im434.jpg,ROT,35,,,,
im435.jpg,ROT,6,,,,
im436.jpg,ROT,9,,,,
im437.jpg,ROT,10,,,,
im438.jpg,ROT,47,,,,
im439.jpg,ROT,16,,,,
im44.jpg,ROT,7,,,,
im442.jpg,ROT,22,,,,
im443.jpg,ROT,9,,,,
im444.jpg,ROT,5,,,,
im445.jpg,ROT,14,,,,
im446.jpg,ROT,17,,,,
im448.jpg,ROT,7,,,,
im45.jpg,ROT,22,,,,
im450.jpg,ROT,35,,,,
im451.jpg,ROT,1,,,,
im453.jpg,ROT,37,,,,
im454.jpg,ROT,21,,,,
im455.jpg,ROT,8,,,,
im456.jpg,ROT,10,,,,
im457.jpg,ROT,15,,,,
im458.jpg,ROT,33,,,,
im459.jpg,ROT,29,,,,
im46.jpg,ROT,11,,,,
im460.jpg,ROT,6,,,,
im461.jpg,ROT,3,,,,
im462.jpg,ROT,13,,,,
im463.jpg,ROT,37,,,,
im464.jpg,ROT,2,,,,
im465.jpg,ROT,4,,,,
im466.jpg,ROT,3,,,,
im468.jpg,ROT,6,,,,
im469.jpg,ROT,44,,,,
im47.jpg,ROT,7,,,,
im471.jpg,ROT,18,,,,
im472.jpg,ROT,6,,,,
im473.jpg,ROT,38,,,,
im474.jpg,ROT,5,,,,
im476.jpg,ROT,16,,,,
im477.jpg,ROT,3,,,,
im478.jpg,ROT,4,,,,
im48.jpg,ROT,18,,,,
im480.jpg,ROT,7,,,,
im481.jpg,ROT,14,,,,
im482.jpg,ROT,5,,,,
im485.jpg,ROT,17,,,,
im486.jpg,ROT,5,,,,
im49.jpg,ROT,16,,,,
im490.jpg,ROT,11,,,,
im493.jpg,ROT,6,,,,
im495.jpg,ROT,5,,,,
im499.jpg,ROT,3,,,,
im5.jpg,ROT,2,,,,
im50.jpg,ROT,15,,,,
im500.jpg,ROT,54,,,,
im501.jpg,ROT,7,,,,
im502.jpg,ROT,4,,,,
im505.jpg,ROT,7,,,,
im506.jpg,ROT,6,,,,
im507.jpg,ROT,3,,,,
im51.jpg,ROT,15,,,,
im510.jpg,ROT,23,,,,
im512.jpg,ROT,14,,,,
im513.jpg,ROT,4,,,,
im517.jpg,ROT,17,,,,
im520.jpg,ROT,5,,,,
im521.jpg,ROT,21,,,,
im522.jpg,ROT,22,,,,
im523.jpg,ROT,6,,,,
im528.jpg,ROT,18,,,,
im529.jpg,ROT,4,,,,
im53.jpg,ROT,100,,,,
im533.jpg,ROT,16,,,,
im534.jpg,ROT,16,,,,
im535.jpg,ROT,7,,,,
im538.jpg,ROT,8,,,,
im54.jpg,ROT,16,,,,
im542.jpg,ROT,10,,,,
im545.jpg,ROT,20,,,,
im547.jpg,ROT,81,,,,
im548.jpg,ROT,21,,,,
im549.jpg,ROT,14,,,,
im55.jpg,ROT,9,,,,
im551.jpg,ROT,4,,,,
im553.jpg,ROT,29,,,,
im554.jpg,ROT,7,,,,
im555.jpg,ROT,4,,,,
im556.jpg,ROT,8,,,,
im56.jpg,ROT,29,,,,
im562.jpg,ROT,11,,,,
im564.jpg,ROT,6,,,,
im566.jpg,ROT,14,,,,
im567.jpg,ROT,6,,,,
im569.jpg,ROT,17,,,,
im57.jpg,ROT,8,,,,
im571.jpg,ROT,5,,,,
im574.jpg,ROT,5,,,,
im575.jpg,ROT,16,,,,
im576.jpg,ROT,7,,,,
im577.jpg,ROT,13,,,,
im58.jpg,ROT,5,,,,
im580.jpg,ROT,13,,,,
im581.jpg,ROT,5,,,,
im583.jpg,ROT,9,,,,
im584.jpg,ROT,28,,,,
im586.jpg,ROT,6,,,,
im587.jpg,ROT,7,,,,
im588.jpg,ROT,14,,,,
im59.jpg,ROT,8,,,,
im591.jpg,ROT,21,,,,
im593.jpg,ROT,3,,,,
im594.jpg,ROT,2,,,,
im595.jpg,ROT,6,,,,
im597.jpg,ROT,4,,,,
im598.jpg,ROT,17,,,,
im599.jpg,ROT,7,,,,
im6.jpg,ROT,16,,,,
im60.jpg,ROT,56,,,,
im602.jpg,ROT,28,,,,
im604.jpg,ROT,6,,,,
im606.jpg,ROT,5,,,,
im608.jpg,ROT,7,,,,
im61.jpg,ROT,6,,,,
im612.jpg,ROT,7,,,,
im613.jpg,ROT,10,,,,
im614.jpg,ROT,6,,,,
im618.jpg,ROT,4,,,,
im619.jpg,ROT,10,,,,
im62.jpg,ROT,25,,,,
im620.jpg,ROT,15,,,,
im621.jpg,ROT,17,,,,
im623.jpg,ROT,7,,,,
im624.jpg,ROT,17,,,,
im625.jpg,ROT,5,,,,
im626.jpg,ROT,10,,,,
im627.jpg,ROT,3,,,,
im63.jpg,ROT,4,,,,
im630.jpg,ROT,8,,,,
im632.jpg,ROT,5,,,,
im633.jpg,ROT,4,,,,
im634.jpg,ROT,4,,,,
im635.jpg,ROT,3,,,,
im636.jpg,ROT,5,,,,
im637.jpg,ROT,4,,,,
im64.jpg,ROT,13,,,,
im640.jpg,ROT,3,,,,
im642.jpg,ROT,5,,,,
im644.jpg,ROT,25,,,,
im646.jpg,ROT,5,,,,
im647.jpg,ROT,16,,,,
im65.jpg,ROT,19,,,,
im653.jpg,ROT,3,,,,
im655.jpg,ROT,2,,,,
im656.jpg,ROT,4,,,,
im657.jpg,ROT,13,,,,
im66.jpg,ROT,3,,,,
im660.jpg,ROT,4,,,,
im661.jpg,ROT,5,,,,
im663.jpg,ROT,11,,,,
im664.jpg,ROT,2,,,,
im666.jpg,ROT,5,,,,
im668.jpg,ROT,5,,,,
im67.jpg,ROT,4,,,,
im670.jpg,ROT,3,,,,
im671.jpg,ROT,1,,,,
im672.jpg,ROT,9,,,,
im673.jpg,ROT,4,,,,
im674.jpg,ROT,32,,,,
im676.jpg,ROT,5,,,,
im679.jpg,ROT,20,,,,
im68.jpg,ROT,19,,,,
im681.jpg,ROT,3,,,,
im683.jpg,ROT,9,,,,
im684.jpg,ROT,12,,,,
im686.jpg,ROT,6,,,,
im688.jpg,ROT,4,,,,
im69.jpg,ROT,6,,,,
im690.jpg,ROT,7,,,,
im691.jpg,ROT,5,,,,
im692.jpg,ROT,22,,,,
im694.jpg,ROT,9,,,,
im695.jpg,ROT,47,,,,
im696.jpg,ROT,4,,,,
im698.jpg,ROT,8,,,,
im699.jpg,ROT,3,,,,
im7.jpg,ROT,6,,,,
im70.jpg,ROT,5,,,,
im700.jpg,ROT,11,,,,
im702.jpg,ROT,5,,,,
im706.jpg,ROT,13,,,,
im707.jpg,ROT,3,,,,
im71.jpg,ROT,2,,,,
im710.jpg,ROT,4,,,,
im713.jpg,ROT,6,,,,
im716.jpg,ROT,4,,,,
im72.jpg,ROT,9,,,,
im723.jpg,ROT,28,,,,
im724.jpg,ROT,14,,,,
im726.jpg,ROT,33,,,,
im728.jpg,ROT,40,,,,
im729.jpg,ROT,4,,,,
im73.jpg,ROT,3,,,,
im730.jpg,ROT,4,,,,
im731.jpg,ROT,4,,,,
im732.jpg,ROT,15,,,,
im733.jpg,ROT,3,,,,
im734.jpg,ROT,19,,,,
im738.jpg,ROT,7,,,,
im74.jpg,ROT,12,,,,
im740.jpg,ROT,2,,,,
im742.jpg,ROT,17,,,,
im743.jpg,ROT,13,,,,
im744.jpg,ROT,15,,,,
im745.jpg,ROT,5,,,,
im746.jpg,ROT,26,,,,
im747.jpg,ROT,4,,,,
im748.jpg,ROT,14,,,,
im749.jpg,ROT,10,,,,
im75.jpg,ROT,4,,,,
im750.jpg,ROT,2,,,,
im751.jpg,ROT,34,,,,
im752.jpg,ROT,9,,,,
im755.jpg,ROT,6,,,,
im757.jpg,ROT,15,,,,
im76.jpg,ROT,33,,,,
im760.jpg,ROT,6,,,,
im761.jpg,ROT,15,,,,
im762.jpg,ROT,12,,,,
im765.jpg,ROT,54,,,,
im769.jpg,ROT,100,,,,
im77.jpg,ROT,18,,,,
im771.jpg,ROT,14,,,,
im772.jpg,ROT,5,,,,
im773.jpg,ROT,11,,,,
im774.jpg,ROT,9,,,,
im775.jpg,ROT,15,,,,
im776.jpg,ROT,9,,,,
im777.jpg,ROT,4,,,,
im778.jpg,ROT,3,,,,
im78.jpg,ROT,6,,,,
im781.jpg,ROT,44,,,,
im782.jpg,ROT,5,,,,
im784.jpg,ROT,21,,,,
im787.jpg,ROT,3,,,,
im789.jpg,ROT,4,,,,
im791.jpg,ROT,11,,,,
im792.jpg,ROT,5,,,,
im795.jpg,ROT,2,,,,
im796.jpg,ROT,9,,,,
im797.jpg,ROT,12,,,,
im799.jpg,ROT,3,,,,
im80.jpg,ROT,9,,,,
im800.jpg,ROT,17,,,,
im801.jpg,ROT,5,,,,
im806.jpg,ROT,4,,,,
im807.jpg,ROT,20,,,,
im809.jpg,ROT,5,,,,
im81.jpg,ROT,12,,,,
im810.jpg,ROT,12,,,,
im812.jpg,ROT,4,,,,
im814.jpg,ROT,9,,,,
im815.jpg,ROT,7,,,,
im816.jpg,ROT,19,,,,
im82.jpg,ROT,3,,,,
im821.jpg,ROT,18,,,,
im823.jpg,ROT,11,,,,
im824.jpg,ROT,14,,,,
im83.jpg,ROT,50,,,,
im832.jpg,ROT,6,,,,
im833.jpg,ROT,7,,,,
im834.jpg,ROT,8,,,,
im84.jpg,ROT,12,,,,
im841.jpg,ROT,5,,,,
im845.jpg,ROT,6,,,,
im847.jpg,ROT,13,,,,
im849.jpg,ROT,7,,,,
im85.jpg,ROT,9,,,,
im850.jpg,ROT,7,,,,
im851.jpg,ROT,15,,,,
im852.jpg,ROT,11,,,,
im853.jpg,ROT,21,,,,
im854.jpg,ROT,9,,,,
im855.jpg,ROT,4,,,,
im856.jpg,ROT,10,,,,
im859.jpg,ROT,17,,,,
im86.jpg,ROT,42,,,,
im865.jpg,ROT,9,,,,
im867.jpg,ROT,10,,,,
im868.jpg,ROT,32,,,,
im869.jpg,ROT,3,,,,
im87.jpg,ROT,26,,,,
im871.jpg,ROT,6,,,,
im873.jpg,ROT,9,,,,
im874.jpg,ROT,45,,,,
im875.jpg,ROT,4,,,,
im876.jpg,ROT,19,,,,
im878.jpg,ROT,13,,,,
im880.jpg,ROT,4,,,,
im881.jpg,ROT,36,,,,
im882.jpg,ROT,9,,,,
im883.jpg,ROT,16,,,,
im886.jpg,ROT,4,,,,
im888.jpg,ROT,15,,,,
im89.jpg,ROT,20,,,,
im890.jpg,ROT,17,,,,
im891.jpg,ROT,30,,,,
im892.jpg,ROT,8,,,,
im893.jpg,ROT,20,,,,
im895.jpg,ROT,7,,,,
im9.jpg,ROT,5,,,,
im91.jpg,ROT,21,,,,
im911.jpg,ROT,3,,,,
im917.jpg,ROT,5,,,,
im92.jpg,ROT,6,,,,
im921.jpg,ROT,4,,,,
im925.jpg,ROT,8,,,,
im928.jpg,ROT,14,,,,
im93.jpg,ROT,26,,,,
im933.jpg,ROT,7,,,,
im94.jpg,ROT,75,,,,
im943.jpg,ROT,13,,,,
im944.jpg,ROT,2,,,,
im949.jpg,ROT,4,,,,
im95.jpg,ROT,6,,,,
im950.jpg,ROT,11,,,,
im954.jpg,ROT,44,,,,
im957.jpg,ROT,3,,,,
im96.jpg,ROT,10,,,,
im962.jpg,ROT,4,,,,
im967.jpg,ROT,9,,,,
im969.jpg,ROT,2,,,,
im97.jpg,ROT,9,,,,
im979.jpg,ROT,7,,,,
im98.jpg,ROT,8,,,,
im983.jpg,ROT,4,,,,
im987.jpg,ROT,3,,,,
im989.jpg,ROT,8,,,,
im99.jpg,ROT,6,,,,
im992.jpg,ROT,3im1002.jpg,frame,24,,
im1004.jpg,frame,28,,,,
im101.jpg,frame,73,,,,
im102.jpg,frame,31,,,,
im1024.jpg,frame,14,,,,
im1025.jpg,frame,29,,,,
im103.jpg,frame,33,,,,
im1037.jpg,frame,51,,,,
im1039.jpg,frame,81,,,,
im104.jpg,frame,52,,,,
im1047.jpg,frame,50,,,,
im105.jpg,frame,48,,,,
im1051.jpg,frame,84,,,,
im1052.jpg,frame,69,,,,
im1058.jpg,frame,48,,,,
im106.jpg,frame,60,,,,
im1064.jpg,frame,5,,,,
im107.jpg,frame,21,,,,
im1074.jpg,frame,16,,,,
im1075.jpg,frame,16,,,,
im1077.jpg,frame,29,,,,
im1079.jpg,frame,15,,,,
im1081.jpg,frame,40,,,,
im1086.jpg,frame,33,,,,
im109.jpg,frame,49,,,,
im1091.jpg,frame,18,,,,
im1096.jpg,frame,29,,,,
im11.jpg,frame,48,,,,
im110.jpg,frame,69,,,,
im1106.jpg,frame,49,,,,
im111.jpg,frame,66,,,,
im1110.jpg,frame,44,,,,
im1114.jpg,frame,46,,,,
im1116.jpg,frame,72,,,,
im1119.jpg,frame,55,,,,
im112.jpg,frame,12,,,,
im1128.jpg,frame,76,,,,
im113.jpg,frame,47,,,,
im1130.jpg,frame,73,,,,
im1134.jpg,frame,93,,,,
im114.jpg,frame,89,,,,
im1144.jpg,frame,52,,,,
im115.jpg,frame,53,,,,
im1154.jpg,frame,40,,,,
im116.jpg,frame,67,,,,
im1168.jpg,frame,7,,,,
im117.jpg,frame,66,,,,
im1171.jpg,frame,64,,,,
im1177.jpg,frame,28,,,,
im118.jpg,frame,65,,,,
im1185.jpg,frame,16,,,,
im119.jpg,frame,3,,,,
im12.jpg,frame,16,,,,
im120.jpg,frame,8,,,,
im1208.jpg,frame,7,,,,
im121.jpg,frame,10,,,,
im1217.jpg,frame,75,,,,
im1218.jpg,frame,41,,,,
im122.jpg,frame,97,,,,
im123.jpg,frame,58,,,,
im124.jpg,frame,43,,,,
im125.jpg,frame,8,,,,
im126.jpg,frame,39,,,,
im127.jpg,frame,55,,,,
im1273.jpg,frame,17,,,,
im128.jpg,frame,27,,,,
im1286.jpg,frame,5,,,,
im1289.jpg,frame,92,,,,
im129.jpg,frame,45,,,,
im13.jpg,frame,46,,,,
im130.jpg,frame,45,,,,
im132.jpg,frame,77,,,,
im134.jpg,frame,67,,,,
im135.jpg,frame,47,,,,
im136.jpg,frame,26,,,,
im137.jpg,frame,58,,,,
im138.jpg,frame,87,,,,
im139.jpg,frame,47,,,,
im140.jpg,frame,46,,,,
im141.jpg,frame,30,,,,
im142.jpg,frame,47,,,,
im143.jpg,frame,4,,,,
im144.jpg,frame,77,,,,
im146.jpg,frame,61,,,,
im147.jpg,frame,52,,,,
im148.jpg,frame,64,,,,
im149.jpg,frame,47,,,,
im15.jpg,frame,40,,,,
im150.jpg,frame,79,,,,
im151.jpg,frame,53,,,,
im152.jpg,frame,47,,,,
im153.jpg,frame,15,,,,
im154.jpg,frame,56,,,,
im155.jpg,frame,8,,,,
im156.jpg,frame,49,,,,
im157.jpg,frame,31,,,,
im158.jpg,frame,78,,,,
im159.jpg,frame,71,,,,
im16.jpg,frame,52,,,,
im160.jpg,frame,46,,,,
im161.jpg,frame,14,,,,
im162.jpg,frame,14,,,,
im163.jpg,frame,29,,,,
im164.jpg,frame,40,,,,
im165.jpg,frame,45,,,,
im166.jpg,frame,19,,,,
im168.jpg,frame,49,,,,
im169.jpg,frame,2,,,,
im17.jpg,frame,18,,,,
im170.jpg,frame,1,,,,
im172.jpg,frame,67,,,,
im173.jpg,frame,30,,,,
im175.jpg,frame,58,,,,
im176.jpg,frame,48,,,,
im177.jpg,frame,5,,,,
im178.jpg,frame,91,,,,
im179.jpg,frame,29,,,,
im18.jpg,frame,52,,,,
im180.jpg,frame,37,,,,
im181.jpg,frame,38,,,,
im182.jpg,frame,35,,,,
im183.jpg,frame,60,,,,
im184.jpg,frame,16,,,,
im185.jpg,frame,24,,,,
im186.jpg,frame,23,,,,
im187.jpg,frame,39,,,,
im188.jpg,frame,3,,,,
im189.jpg,frame,38,,,,
im19.jpg,frame,49,,,,
im190.jpg,frame,23,,,,
im191.jpg,frame,54,,,,
im192.jpg,frame,70,,,,
im193.jpg,frame,21,,,,
im194.jpg,frame,39,,,,
im196.jpg,frame,5,,,,
im197.jpg,frame,46,,,,
im198.jpg,frame,75,,,,
im199.jpg,frame,51,,,,
im200.jpg,frame,64,,,,
im201.jpg,frame,64,,,,
im202.jpg,frame,75,,,,
im203.jpg,frame,34,,,,
im204.jpg,frame,49,,,,
im206.jpg,frame,47,,,,
im207.jpg,frame,69,,,,
im208.jpg,frame,33,,,,
im209.jpg,frame,32,,,,
im21.jpg,frame,30,,,,
im210.jpg,frame,50,,,,
im211.jpg,frame,45,,,,
im212.jpg,frame,21,,,,
im213.jpg,frame,58,,,,
im214.jpg,frame,82,,,,
im215.jpg,frame,57,,,,
im216.jpg,frame,95,,,,
im217.jpg,frame,10,,,,
im218.jpg,frame,16,,,,
im219.jpg,frame,43,,,,
im22.jpg,frame,6,,,,
im220.jpg,frame,26,,,,
im221.jpg,frame,69,,,,
im222.jpg,frame,42,,,,
im223.jpg,frame,18,,,,
im224.jpg,frame,7,,,,
im225.jpg,frame,99,,,,
im226.jpg,frame,55,,,,
im227.jpg,frame,19,,,,
im228.jpg,frame,42,,,,
im229.jpg,frame,88,,,,
im23.jpg,frame,55,,,,
im230.jpg,frame,46,,,,
im231.jpg,frame,12,,,,
im232.jpg,frame,78,,,,
im233.jpg,frame,76,,,,
im234.jpg,frame,30,,,,
im235.jpg,frame,74,,,,
im236.jpg,frame,34,,,,
im237.jpg,frame,54,,,,
im238.jpg,frame,42,,,,
im239.jpg,frame,85,,,,
im24.jpg,frame,98,,,,
im240.jpg,frame,14,,,,
im241.jpg,frame,64,,,,
im242.jpg,frame,75,,,,
im243.jpg,frame,78,,,,
im244.jpg,frame,71,,,,
im246.jpg,frame,62,,,,
im247.jpg,frame,36,,,,
im248.jpg,frame,53,,,,
im249.jpg,frame,67,,,,
im25.jpg,frame,56,,,,
im250.jpg,frame,78,,,,
im251.jpg,frame,36,,,,
im252.jpg,frame,26,,,,
im253.jpg,frame,55,,,,
im254.jpg,frame,51,,,,
im255.jpg,frame,5,,,,
im256.jpg,frame,90,,,,
im257.jpg,frame,36,,,,
im258.jpg,frame,49,,,,
im259.jpg,frame,15,,,,
im26.jpg,frame,11,,,,
im260.jpg,frame,41,,,,
im261.jpg,frame,52,,,,
im262.jpg,frame,0,,,,
im263.jpg,frame,34,,,,
im264.jpg,frame,71,,,,
im265.jpg,frame,80,,,,
im268.jpg,frame,57,,,,
im269.jpg,frame,40,,,,
im27.jpg,frame,66,,,,
im270.jpg,frame,74,,,,
im271.jpg,frame,49,,,,
im272.jpg,frame,8,,,,
im273.jpg,frame,39,,,,
im274.jpg,frame,20,,,,
im275.jpg,frame,28,,,,
im276.jpg,frame,31,,,,
im277.jpg,frame,26,,,,
im278.jpg,frame,6,,,,
im279.jpg,frame,38,,,,
im28.jpg,frame,7,,,,
im280.jpg,frame,3,,,,
im281.jpg,frame,22,,,,
im282.jpg,frame,100,,,,
im283.jpg,frame,42,,,,
im284.jpg,frame,39,,,,
im286.jpg,frame,100,,,,
im287.jpg,frame,37,,,,
im288.jpg,frame,77,,,,
im289.jpg,frame,30,,,,
im290.jpg,frame,14,,,,
im291.jpg,frame,38,,,,
im292.jpg,frame,24,,,,
im293.jpg,frame,38,,,,
im294.jpg,frame,0,,,,
im295.jpg,frame,34,,,,
im296.jpg,frame,31,,,,
im297.jpg,frame,11,,,,
im298.jpg,frame,28,,,,
im299.jpg,frame,80,,,,
im300.jpg,frame,77,,,,
im301.jpg,frame,19,,,,
im303.jpg,frame,25,,,,
im304.jpg,frame,22,,,,
im305.jpg,frame,36,,,,
im307.jpg,frame,41,,,,
im308.jpg,frame,7,,,,
im309.jpg,frame,25,,,,
im31.jpg,frame,33,,,,
im310.jpg,frame,44,,,,
im311.jpg,frame,64,,,,
im313.jpg,frame,43,,,,
im314.jpg,frame,35,,,,
im315.jpg,frame,51,,,,
im317.jpg,frame,40,,,,
im318.jpg,frame,28,,,,
im319.jpg,frame,38,,,,
im32.jpg,frame,3,,,,
im321.jpg,frame,39,,,,
im322.jpg,frame,31,,,,
im323.jpg,frame,25,,,,
im324.jpg,frame,11,,,,
im325.jpg,frame,27,,,,
im326.jpg,frame,69,,,,
im327.jpg,frame,38,,,,
im329.jpg,frame,79,,,,
im33.jpg,frame,56,,,,
im330.jpg,frame,28,,,,
im332.jpg,frame,25,,,,
im333.jpg,frame,8,,,,
im334.jpg,frame,11,,,,
im336.jpg,frame,52,,,,
im338.jpg,frame,9,,,,
im339.jpg,frame,23,,,,
im34.jpg,frame,76,,,,
im342.jpg,frame,14,,,,
im343.jpg,frame,25,,,,
im346.jpg,frame,63,,,,
im347.jpg,frame,52,,,,
im349.jpg,frame,30,,,,
im35.jpg,frame,37,,,,
im350.jpg,frame,65,,,,
im351.jpg,frame,16,,,,
im352.jpg,frame,34,,,,
im353.jpg,frame,52,,,,
im354.jpg,frame,6,,,,
im356.jpg,frame,31,,,,
im359.jpg,frame,70,,,,
im36.jpg,frame,78,,,,
im360.jpg,frame,45,,,,
im361.jpg,frame,30,,,,
im362.jpg,frame,73,,,,
im363.jpg,frame,84,,,,
im364.jpg,frame,25,,,,
im365.jpg,frame,89,,,,
im367.jpg,frame,41,,,,
im369.jpg,frame,22,,,,
im37.jpg,frame,50,,,,
im372.jpg,frame,9,,,,
im374.jpg,frame,29,,,,
im375.jpg,frame,37,,,,
im377.jpg,frame,76,,,,
im378.jpg,frame,57,,,,
im379.jpg,frame,73,,,,
im380.jpg,frame,0,,,,
im381.jpg,frame,24,,,,
im382.jpg,frame,48,,,,
im383.jpg,frame,40,,,,
im385.jpg,frame,1,,,,
im386.jpg,frame,9,,,,
im387.jpg,frame,62,,,,
im388.jpg,frame,12,,,,
im389.jpg,frame,37,,,,
im39.jpg,frame,32,,,,
im390.jpg,frame,72,,,,
im391.jpg,frame,98,,,,
im393.jpg,frame,36,,,,
im394.jpg,frame,48,,,,
im395.jpg,frame,23,,,,
im396.jpg,frame,38,,,,
im397.jpg,frame,55,,,,
im398.jpg,frame,42,,,,
im4.jpg,frame,16,,,,
im40.jpg,frame,36,,,,
im400.jpg,frame,10,,,,
im401.jpg,frame,35,,,,
im402.jpg,frame,24,,,,
im403.jpg,frame,86,,,,
im404.jpg,frame,58,,,,
im405.jpg,frame,16,,,,
im406.jpg,frame,93,,,,
im407.jpg,frame,60,,,,
im408.jpg,frame,11,,,,
im409.jpg,frame,21,,,,
im41.jpg,frame,23,,,,
im410.jpg,frame,20,,,,
im412.jpg,frame,62,,,,
im413.jpg,frame,36,,,,
im415.jpg,frame,49,,,,
im416.jpg,frame,51,,,,
im418.jpg,frame,26,,,,
im419.jpg,frame,55,,,,
im42.jpg,frame,1,,,,
im423.jpg,frame,16,,,,
im424.jpg,frame,41,,,,
im425.jpg,frame,46,,,,
im426.jpg,frame,60,,,,
im427.jpg,frame,78,,,,
im429.jpg,frame,75,,,,
im43.jpg,frame,19,,,,
im430.jpg,frame,29,,,,
im432.jpg,frame,75,,,,
im433.jpg,frame,51,,,,
im434.jpg,frame,41,,,,
im435.jpg,frame,69,,,,
im436.jpg,frame,99,,,,
im437.jpg,frame,42,,,,
im438.jpg,frame,11,,,,
im439.jpg,frame,5,,,,
im44.jpg,frame,42,,,,
im442.jpg,frame,13,,,,
im443.jpg,frame,6,,,,
im444.jpg,frame,68,,,,
im445.jpg,frame,33,,,,
im446.jpg,frame,50,,,,
im448.jpg,frame,89,,,,
im45.jpg,frame,0,,,,
im450.jpg,frame,91,,,,
im451.jpg,frame,27,,,,
im453.jpg,frame,7,,,,
im454.jpg,frame,97,,,,
im455.jpg,frame,95,,,,
im456.jpg,frame,17,,,,
im457.jpg,frame,56,,,,
im458.jpg,frame,21,,,,
im459.jpg,frame,7,,,,
im46.jpg,frame,33,,,,
im460.jpg,frame,55,,,,
im461.jpg,frame,25,,,,
im462.jpg,frame,80,,,,
im463.jpg,frame,35,,,,
im464.jpg,frame,38,,,,
im465.jpg,frame,74,,,,
im466.jpg,frame,33,,,,
im468.jpg,frame,13,,,,
im469.jpg,frame,0,,,,
im47.jpg,frame,33,,,,
im471.jpg,frame,58,,,,
im472.jpg,frame,3,,,,
im473.jpg,frame,83,,,,
im474.jpg,frame,28,,,,
im476.jpg,frame,34,,,,
im477.jpg,frame,90,,,,
im478.jpg,frame,40,,,,
im48.jpg,frame,61,,,,
im480.jpg,frame,85,,,,
im481.jpg,frame,44,,,,
im482.jpg,frame,5,,,,
im485.jpg,frame,36,,,,
im486.jpg,frame,50,,,,
im49.jpg,frame,12,,,,
im490.jpg,frame,50,,,,
im493.jpg,frame,29,,,,
im495.jpg,frame,39,,,,
im499.jpg,frame,24,,,,
im5.jpg,frame,2,,,,
im50.jpg,frame,30,,,,
im500.jpg,frame,70,,,,
im501.jpg,frame,30,,,,
im502.jpg,frame,47,,,,
im505.jpg,frame,78,,,,
im506.jpg,frame,53,,,,
im507.jpg,frame,71,,,,
im51.jpg,frame,60,,,,
im510.jpg,frame,76,,,,
im512.jpg,frame,62,,,,
im513.jpg,frame,79,,,,
im517.jpg,frame,42,,,,
im520.jpg,frame,16,,,,
im521.jpg,frame,8,,,,
im522.jpg,frame,67,,,,
im523.jpg,frame,93,,,,
im528.jpg,frame,45,,,,
im529.jpg,frame,73,,,,
im53.jpg,frame,38,,,,
im533.jpg,frame,15,,,,
im534.jpg,frame,68,,,,
im535.jpg,frame,57,,,,
im538.jpg,frame,67,,,,
im54.jpg,frame,92,,,,
im542.jpg,frame,71,,,,
im545.jpg,frame,32,,,,
im547.jpg,frame,80,,,,
im548.jpg,frame,72,,,,
im549.jpg,frame,36,,,,
im55.jpg,frame,47,,,,
im551.jpg,frame,7,,,,
im553.jpg,frame,30,,,,
im554.jpg,frame,47,,,,
im555.jpg,frame,15,,,,
im556.jpg,frame,20,,,,
im56.jpg,frame,49,,,,
im562.jpg,frame,60,,,,
im564.jpg,frame,28,,,,
im566.jpg,frame,31,,,,
im567.jpg,frame,46,,,,
im569.jpg,frame,17,,,,
im57.jpg,frame,77,,,,
im571.jpg,frame,2,,,,
im574.jpg,frame,44,,,,
im575.jpg,frame,82,,,,
im576.jpg,frame,76,,,,
im577.jpg,frame,57,,,,
im58.jpg,frame,33,,,,
im580.jpg,frame,30,,,,
im581.jpg,frame,48,,,,
im583.jpg,frame,23,,,,
im584.jpg,frame,61,,,,
im586.jpg,frame,87,,,,
im587.jpg,frame,60,,,,
im588.jpg,frame,77,,,,
im59.jpg,frame,1,,,,
im591.jpg,frame,64,,,,
im593.jpg,frame,21,,,,
im594.jpg,frame,53,,,,
im595.jpg,frame,42,,,,
im597.jpg,frame,42,,,,
im598.jpg,frame,47,,,,
im599.jpg,frame,8,,,,
im6.jpg,frame,53,,,,
im60.jpg,frame,49,,,,
im602.jpg,frame,81,,,,
im604.jpg,frame,35,,,,
im606.jpg,frame,44,,,,
im608.jpg,frame,80,,,,
im61.jpg,frame,69,,,,
im612.jpg,frame,50,,,,
im613.jpg,frame,72,,,,
im614.jpg,frame,35,,,,
im618.jpg,frame,38,,,,
im619.jpg,frame,48,,,,
im62.jpg,frame,85,,,,
im620.jpg,frame,45,,,,
im621.jpg,frame,87,,,,
im623.jpg,frame,66,,,,
im624.jpg,frame,63,,,,
im625.jpg,frame,38,,,,
im626.jpg,frame,63,,,,
im627.jpg,frame,30,,,,
im63.jpg,frame,6,,,,
im630.jpg,frame,30,,,,
im632.jpg,frame,76,,,,
im633.jpg,frame,51,,,,
im634.jpg,frame,50,,,,
im635.jpg,frame,22,,,,
im636.jpg,frame,58,,,,
im637.jpg,frame,85,,,,
im64.jpg,frame,8,,,,
im640.jpg,frame,9,,,,
im642.jpg,frame,77,,,,
im644.jpg,frame,66,,,,
im646.jpg,frame,6,,,,
im647.jpg,frame,71,,,,
im65.jpg,frame,74,,,,
im653.jpg,frame,28,,,,
im655.jpg,frame,24,,,,
im656.jpg,frame,63,,,,
im657.jpg,frame,36,,,,
im66.jpg,frame,24,,,,
im660.jpg,frame,100,,,,
im661.jpg,frame,27,,,,
im663.jpg,frame,9,,,,
im664.jpg,frame,46,,,,
im666.jpg,frame,45,,,,
im668.jpg,frame,53,,,,
im67.jpg,frame,11,,,,
im670.jpg,frame,14,,,,
im671.jpg,frame,5,,,,
im672.jpg,frame,35,,,,
im673.jpg,frame,76,,,,
im674.jpg,frame,70,,,,
im676.jpg,frame,61,,,,
im679.jpg,frame,16,,,,
im68.jpg,frame,20,,,,
im681.jpg,frame,1,,,,
im683.jpg,frame,39,,,,
im684.jpg,frame,22,,,,
im686.jpg,frame,57,,,,
im688.jpg,frame,32,,,,
im69.jpg,frame,8,,,,
im690.jpg,frame,46,,,,
im691.jpg,frame,31,,,,
im692.jpg,frame,60,,,,
im694.jpg,frame,74,,,,
im695.jpg,frame,30,,,,
im696.jpg,frame,44,,,,
im698.jpg,frame,17,,,,
im699.jpg,frame,35,,,,
im7.jpg,frame,69,,,,
im70.jpg,frame,35,,,,
im700.jpg,frame,23,,,,
im702.jpg,frame,8,,,,
im706.jpg,frame,58,,,,
im707.jpg,frame,82,,,,
im71.jpg,frame,4,,,,
im710.jpg,frame,75,,,,
im713.jpg,frame,79,,,,
im716.jpg,frame,65,,,,
im72.jpg,frame,40,,,,
im723.jpg,frame,87,,,,
im724.jpg,frame,52,,,,
im726.jpg,frame,84,,,,
im728.jpg,frame,34,,,,
im729.jpg,frame,20,,,,
im73.jpg,frame,37,,,,
im730.jpg,frame,84,,,,
im731.jpg,frame,45,,,,
im732.jpg,frame,34,,,,
im733.jpg,frame,95,,,,
im734.jpg,frame,80,,,,
im738.jpg,frame,99,,,,
im74.jpg,frame,52,,,,
im740.jpg,frame,14,,,,
im742.jpg,frame,34,,,,
im743.jpg,frame,35,,,,
im744.jpg,frame,63,,,,
im745.jpg,frame,53,,,,
im746.jpg,frame,22,,,,
im747.jpg,frame,17,,,,
im748.jpg,frame,39,,,,
im749.jpg,frame,59,,,,
im75.jpg,frame,69,,,,
im750.jpg,frame,10,,,,
im751.jpg,frame,91,,,,
im752.jpg,frame,64,,,,
im755.jpg,frame,71,,,,
im757.jpg,frame,36,,,,
im76.jpg,frame,70,,,,
im760.jpg,frame,38,,,,
im761.jpg,frame,13,,,,
im762.jpg,frame,85,,,,
im765.jpg,frame,52,,,,
im769.jpg,frame,69,,,,
im77.jpg,frame,25,,,,
im771.jpg,frame,75,,,,
im772.jpg,frame,6,,,,
im773.jpg,frame,27,,,,
im774.jpg,frame,41,,,,
im775.jpg,frame,20,,,,
im776.jpg,frame,67,,,,
im777.jpg,frame,72,,,,
im778.jpg,frame,76,,,,
im78.jpg,frame,16,,,,
im781.jpg,frame,33,,,,
im782.jpg,frame,11,,,,
im784.jpg,frame,89,,,,
im787.jpg,frame,3,,,,
im789.jpg,frame,89,,,,
im791.jpg,frame,82,,,,
im792.jpg,frame,57,,,,
im795.jpg,frame,7,,,,
im796.jpg,frame,47,,,,
im797.jpg,frame,83,,,,
im799.jpg,frame,44,,,,
im80.jpg,frame,13,,,,
im800.jpg,frame,66,,,,
im801.jpg,frame,26,,,,
im806.jpg,frame,75,,,,
im807.jpg,frame,35,,,,
im809.jpg,frame,49,,,,
im81.jpg,frame,68,,,,
im810.jpg,frame,46,,,,
im812.jpg,frame,55,,,,
im814.jpg,frame,34,,,,
im815.jpg,frame,30,,,,
im816.jpg,frame,70,,,,
im82.jpg,frame,4,,,,
im821.jpg,frame,53,,,,
im823.jpg,frame,73,,,,
im824.jpg,frame,51,,,,
im83.jpg,frame,81,,,,
im832.jpg,frame,42,,,,
im833.jpg,frame,24,,,,
im834.jpg,frame,46,,,,
im84.jpg,frame,87,,,,
im841.jpg,frame,29,,,,
im845.jpg,frame,5,,,,
im847.jpg,frame,52,,,,
im849.jpg,frame,16,,,,
im85.jpg,frame,24,,,,
im850.jpg,frame,9,,,,
im851.jpg,frame,54,,,,
im852.jpg,frame,88,,,,
im853.jpg,frame,20,,,,
im854.jpg,frame,42,,,,
im855.jpg,frame,98,,,,
im856.jpg,frame,60,,,,
im859.jpg,frame,40,,,,
im86.jpg,frame,28,,,,
im865.jpg,frame,24,,,,
im867.jpg,frame,18,,,,
im868.jpg,frame,89,,,,
im869.jpg,frame,29,,,,
im87.jpg,frame,85,,,,
im871.jpg,frame,49,,,,
im873.jpg,frame,48,,,,
im874.jpg,frame,35,,,,
im875.jpg,frame,18,,,,
im876.jpg,frame,55,,,,
im878.jpg,frame,30,,,,
im880.jpg,frame,35,,,,
im881.jpg,frame,21,,,,
im882.jpg,frame,19,,,,
im883.jpg,frame,47,,,,
im886.jpg,frame,24,,,,
im888.jpg,frame,48,,,,
im89.jpg,frame,50,,,,
im890.jpg,frame,53,,,,
im891.jpg,frame,56,,,,
im892.jpg,frame,63,,,,
im893.jpg,frame,20,,,,
im895.jpg,frame,76,,,,
im9.jpg,frame,15,,,,
im91.jpg,frame,39,,,,
im911.jpg,frame,74,,,,
im917.jpg,frame,34,,,,
im92.jpg,frame,80,,,,
im921.jpg,frame,81,,,,
im925.jpg,frame,91,,,,
im928.jpg,frame,23,,,,
im93.jpg,frame,8,,,,
im933.jpg,frame,40,,,,
im94.jpg,frame,57,,,,
im943.jpg,frame,79,,,,
im944.jpg,frame,63,,,,
im949.jpg,frame,44,,,,
im95.jpg,frame,9,,,,
im950.jpg,frame,26,,,,
im954.jpg,frame,40,,,,
im957.jpg,frame,29,,,,
im96.jpg,frame,35,,,,
im962.jpg,frame,3,,,,
im967.jpg,frame,50,,,,
im969.jpg,frame,36,,,,
im97.jpg,frame,29,,,,
im979.jpg,frame,31,,,,
im98.jpg,frame,30,,,,
im983.jpg,frame,53,,,,
im987.jpg,frame,0,,,,
im989.jpg,frame,57,,,,
im99.jpg,frame,33,,,,
im992.jpg,frame,22,,im1002.jpg,both,18
im1004.jpg,both,1,,,,
im101.jpg,both,83,,,,
im102.jpg,both,21,,,,
im1024.jpg,both,2,,,,
im1025.jpg,both,14,,,,
im103.jpg,both,6,,,,
im1037.jpg,both,16,,,,
im1039.jpg,both,79,,,,
im104.jpg,both,54,,,,
im1047.jpg,both,8,,,,
im105.jpg,both,12,,,,
im1051.jpg,both,84,,,,
im1052.jpg,both,51,,,,
im1058.jpg,both,8,,,,
im106.jpg,both,5,,,,
im1064.jpg,both,1,,,,
im107.jpg,both,1,,,,
im1074.jpg,both,1,,,,
im1075.jpg,both,2,,,,
im1077.jpg,both,4,,,,
im1079.jpg,both,2,,,,
im1081.jpg,both,5,,,,
im1086.jpg,both,16,,,,
im109.jpg,both,33,,,,
im1091.jpg,both,1,,,,
im1096.jpg,both,4,,,,
im11.jpg,both,17,,,,
im110.jpg,both,18,,,,
im1106.jpg,both,10,,,,
im111.jpg,both,77,,,,
im1110.jpg,both,6,,,,
im1114.jpg,both,32,,,,
im1116.jpg,both,9,,,,
im1119.jpg,both,30,,,,
im112.jpg,both,1,,,,
im1128.jpg,both,82,,,,
im113.jpg,both,38,,,,
im1130.jpg,both,75,,,,
im1134.jpg,both,44,,,,
im114.jpg,both,94,,,,
im1144.jpg,both,6,,,,
im115.jpg,both,22,,,,
im1154.jpg,both,55,,,,
im116.jpg,both,52,,,,
im1168.jpg,both,1,,,,
im117.jpg,both,27,,,,
im1171.jpg,both,13,,,,
im1177.jpg,both,26,,,,
im118.jpg,both,9,,,,
im1185.jpg,both,3,,,,
im119.jpg,both,1,,,,
im12.jpg,both,7,,,,
im120.jpg,both,1,,,,
im1208.jpg,both,1,,,,
im121.jpg,both,2,,,,
im1217.jpg,both,42,,,,
im1218.jpg,both,12,,,,
im122.jpg,both,48,,,,
im123.jpg,both,21,,,,
im124.jpg,both,4,,,,
im125.jpg,both,2,,,,
im126.jpg,both,13,,,,
im127.jpg,both,21,,,,
im1273.jpg,both,2,,,,
im128.jpg,both,16,,,,
im1286.jpg,both,4,,,,
im1289.jpg,both,43,,,,
im129.jpg,both,11,,,,
im13.jpg,both,46,,,,
im130.jpg,both,49,,,,
im132.jpg,both,57,,,,
im134.jpg,both,52,,,,
im135.jpg,both,11,,,,
im136.jpg,both,3,,,,
im137.jpg,both,9,,,,
im138.jpg,both,83,,,,
im139.jpg,both,5,,,,
im140.jpg,both,18,,,,
im141.jpg,both,2,,,,
im142.jpg,both,10,,,,
im143.jpg,both,4,,,,
im144.jpg,both,17,,,,
im146.jpg,both,18,,,,
im147.jpg,both,29,,,,
im148.jpg,both,26,,,,
im149.jpg,both,7,,,,
im15.jpg,both,14,,,,
im150.jpg,both,40,,,,
im151.jpg,both,27,,,,
im152.jpg,both,12,,,,
im153.jpg,both,4,,,,
im154.jpg,both,54,,,,
im155.jpg,both,2,,,,
im156.jpg,both,6,,,,
im157.jpg,both,3,,,,
im158.jpg,both,65,,,,
im159.jpg,both,78,,,,
im16.jpg,both,14,,,,
im160.jpg,both,15,,,,
im161.jpg,both,1,,,,
im162.jpg,both,2,,,,
im163.jpg,both,3,,,,
im164.jpg,both,12,,,,
im165.jpg,both,7,,,,
im166.jpg,both,4,,,,
im168.jpg,both,27,,,,
im169.jpg,both,1,,,,
im17.jpg,both,11,,,,
im170.jpg,both,2,,,,
im172.jpg,both,16,,,,
im173.jpg,both,21,,,,
im175.jpg,both,20,,,,
im176.jpg,both,26,,,,
im177.jpg,both,1,,,,
im178.jpg,both,92,,,,
im179.jpg,both,2,,,,
im18.jpg,both,17,,,,
im180.jpg,both,2,,,,
im181.jpg,both,8,,,,
im182.jpg,both,9,,,,
im183.jpg,both,28,,,,
im184.jpg,both,3,,,,
im185.jpg,both,2,,,,
im186.jpg,both,5,,,,
im187.jpg,both,3,,,,
im188.jpg,both,1,,,,
im189.jpg,both,4,,,,
im19.jpg,both,18,,,,
im190.jpg,both,5,,,,
im191.jpg,both,6,,,,
im192.jpg,both,20,,,,
im193.jpg,both,3,,,,
im194.jpg,both,17,,,,
im196.jpg,both,1,,,,
im197.jpg,both,9,,,,
im198.jpg,both,39,,,,
im199.jpg,both,5,,,,
im200.jpg,both,21,,,,
im201.jpg,both,74,,,,
im202.jpg,both,62,,,,
im203.jpg,both,10,,,,
im204.jpg,both,10,,,,
im206.jpg,both,10,,,,
im207.jpg,both,39,,,,
im208.jpg,both,4,,,,
im209.jpg,both,34,,,,
im21.jpg,both,4,,,,
im210.jpg,both,24,,,,
im211.jpg,both,4,,,,
im212.jpg,both,2,,,,
im213.jpg,both,64,,,,
im214.jpg,both,65,,,,
im215.jpg,both,21,,,,
im216.jpg,both,23,,,,
im217.jpg,both,1,,,,
im218.jpg,both,2,,,,
im219.jpg,both,17,,,,
im22.jpg,both,1,,,,
im220.jpg,both,7,,,,
im221.jpg,both,20,,,,
im222.jpg,both,12,,,,
im223.jpg,both,4,,,,
im224.jpg,both,2,,,,
im225.jpg,both,96,,,,
im226.jpg,both,4,,,,
im227.jpg,both,6,,,,
im228.jpg,both,13,,,,
im229.jpg,both,87,,,,
im23.jpg,both,7,,,,
im230.jpg,both,11,,,,
im231.jpg,both,2,,,,
im232.jpg,both,12,,,,
im233.jpg,both,15,,,,
im234.jpg,both,8,,,,
im235.jpg,both,81,,,,
im236.jpg,both,34,,,,
im237.jpg,both,4,,,,
im238.jpg,both,36,,,,
im239.jpg,both,80,,,,
im24.jpg,both,73,,,,
im240.jpg,both,1,,,,
im241.jpg,both,6,,,,
im242.jpg,both,68,,,,
im243.jpg,both,81,,,,
im244.jpg,both,35,,,,
im246.jpg,both,22,,,,
im247.jpg,both,3,,,,
im248.jpg,both,42,,,,
im249.jpg,both,34,,,,
im25.jpg,both,12,,,,
im250.jpg,both,26,,,,
im251.jpg,both,24,,,,
im252.jpg,both,2,,,,
im253.jpg,both,10,,,,
im254.jpg,both,5,,,,
im255.jpg,both,1,,,,
im256.jpg,both,89,,,,
im257.jpg,both,3,,,,
im258.jpg,both,12,,,,
im259.jpg,both,2,,,,
im26.jpg,both,3,,,,
im260.jpg,both,3,,,,
im261.jpg,both,10,,,,
im262.jpg,both,0,,,,
im263.jpg,both,5,,,,
im264.jpg,both,14,,,,
im265.jpg,both,36,,,,
im268.jpg,both,3,,,,
im269.jpg,both,14,,,,
im27.jpg,both,77,,,,
im270.jpg,both,75,,,,
im271.jpg,both,10,,,,
im272.jpg,both,1,,,,
im273.jpg,both,6,,,,
im274.jpg,both,3,,,,
im275.jpg,both,7,,,,
im276.jpg,both,2,,,,
im277.jpg,both,6,,,,
im278.jpg,both,1,,,,
im279.jpg,both,44,,,,
im28.jpg,both,1,,,,
im280.jpg,both,2,,,,
im281.jpg,both,8,,,,
im282.jpg,both,48,,,,
im283.jpg,both,3,,,,
im284.jpg,both,14,,,,
im286.jpg,both,100,,,,
im287.jpg,both,5,,,,
im288.jpg,both,40,,,,
im289.jpg,both,2,,,,
im290.jpg,both,3,,,,
im291.jpg,both,9,,,,
im292.jpg,both,2,,,,
im293.jpg,both,4,,,,
im294.jpg,both,0,,,,
im295.jpg,both,8,,,,
im296.jpg,both,5,,,,
im297.jpg,both,6,,,,
im298.jpg,both,6,,,,
im299.jpg,both,67,,,,
im300.jpg,both,55,,,,
im301.jpg,both,2,,,,
im303.jpg,both,5,,,,
im304.jpg,both,3,,,,
im305.jpg,both,28,,,,
im307.jpg,both,7,,,,
im308.jpg,both,2,,,,
im309.jpg,both,2,,,,
im31.jpg,both,13,,,,
im310.jpg,both,16,,,,
im311.jpg,both,30,,,,
im313.jpg,both,7,,,,
im314.jpg,both,8,,,,
im315.jpg,both,24,,,,
im317.jpg,both,38,,,,
im318.jpg,both,3,,,,
im319.jpg,both,8,,,,
im32.jpg,both,1,,,,
im321.jpg,both,7,,,,
im322.jpg,both,5,,,,
im323.jpg,both,2,,,,
im324.jpg,both,1,,,,
im325.jpg,both,8,,,,
im326.jpg,both,37,,,,
im327.jpg,both,5,,,,
im329.jpg,both,85,,,,
im33.jpg,both,30,,,,
im330.jpg,both,12,,,,
im332.jpg,both,16,,,,
im333.jpg,both,8,,,,
im334.jpg,both,3,,,,
im336.jpg,both,12,,,,
im338.jpg,both,1,,,,
im339.jpg,both,3,,,,
im34.jpg,both,20,,,,
im342.jpg,both,1,,,,
im343.jpg,both,4,,,,
im346.jpg,both,15,,,,
im347.jpg,both,13,,,,
im349.jpg,both,9,,,,
im35.jpg,both,3,,,,
im350.jpg,both,78,,,,
im351.jpg,both,3,,,,
im352.jpg,both,12,,,,
im353.jpg,both,11,,,,
im354.jpg,both,1,,,,
im356.jpg,both,6,,,,
im359.jpg,both,10,,,,
im36.jpg,both,81,,,,
im360.jpg,both,7,,,,
im361.jpg,both,15,,,,
im362.jpg,both,27,,,,
im363.jpg,both,91,,,,
im364.jpg,both,8,,,,
im365.jpg,both,43,,,,
im367.jpg,both,7,,,,
im369.jpg,both,6,,,,
im37.jpg,both,13,,,,
im372.jpg,both,1,,,,
im374.jpg,both,13,,,,
im375.jpg,both,3,,,,
im377.jpg,both,62,,,,
im378.jpg,both,7,,,,
im379.jpg,both,72,,,,
im380.jpg,both,1,,,,
im381.jpg,both,3,,,,
im382.jpg,both,8,,,,
im383.jpg,both,5,,,,
im385.jpg,both,1,,,,
im386.jpg,both,1,,,,
im387.jpg,both,34,,,,
im388.jpg,both,2,,,,
im389.jpg,both,11,,,,
im39.jpg,both,6,,,,
im390.jpg,both,26,,,,
im391.jpg,both,98,,,,
im393.jpg,both,3,,,,
im394.jpg,both,21,,,,
im395.jpg,both,11,,,,
im396.jpg,both,7,,,,
im397.jpg,both,38,,,,
im398.jpg,both,42,,,,
im4.jpg,both,3,,,,
im40.jpg,both,10,,,,
im400.jpg,both,5,,,,
im401.jpg,both,41,,,,
im402.jpg,both,3,,,,
im403.jpg,both,84,,,,
im404.jpg,both,19,,,,
im405.jpg,both,2,,,,
im406.jpg,both,31,,,,
im407.jpg,both,8,,,,
im408.jpg,both,2,,,,
im409.jpg,both,3,,,,
im41.jpg,both,3,,,,
im410.jpg,both,3,,,,
im412.jpg,both,76,,,,
im413.jpg,both,5,,,,
im415.jpg,both,22,,,,
im416.jpg,both,18,,,,
im418.jpg,both,2,,,,
im419.jpg,both,28,,,,
im42.jpg,both,1,,,,
im423.jpg,both,5,,,,
im424.jpg,both,10,,,,
im425.jpg,both,15,,,,
im426.jpg,both,31,,,,
im427.jpg,both,6,,,,
im429.jpg,both,31,,,,
im43.jpg,both,2,,,,
im430.jpg,both,5,,,,
im432.jpg,both,77,,,,
im433.jpg,both,17,,,,
im434.jpg,both,20,,,,
im435.jpg,both,43,,,,
im436.jpg,both,96,,,,
im437.jpg,both,3,,,,
im438.jpg,both,15,,,,
im439.jpg,both,1,,,,
im44.jpg,both,16,,,,
im442.jpg,both,4,,,,
im443.jpg,both,2,,,,
im444.jpg,both,30,,,,
im445.jpg,both,13,,,,
im446.jpg,both,52,,,,
im448.jpg,both,89,,,,
im45.jpg,both,0,,,,
im450.jpg,both,33,,,,
im451.jpg,both,2,,,,
im453.jpg,both,2,,,,
im454.jpg,both,95,,,,
im455.jpg,both,95,,,,
im456.jpg,both,9,,,,
im457.jpg,both,21,,,,
im458.jpg,both,5,,,,
im459.jpg,both,4,,,,
im46.jpg,both,15,,,,
im460.jpg,both,16,,,,
im461.jpg,both,1,,,,
im462.jpg,both,75,,,,
im463.jpg,both,21,,,,
im464.jpg,both,18,,,,
im465.jpg,both,37,,,,
im466.jpg,both,3,,,,
im468.jpg,both,3,,,,
im469.jpg,both,1,,,,
im47.jpg,both,3,,,,
im471.jpg,both,28,,,,
im472.jpg,both,1,,,,
im473.jpg,both,83,,,,
im474.jpg,both,3,,,,
im476.jpg,both,12,,,,
im477.jpg,both,45,,,,
im478.jpg,both,11,,,,
im48.jpg,both,10,,,,
im480.jpg,both,83,,,,
im481.jpg,both,10,,,,
im482.jpg,both,2,,,,
im485.jpg,both,5,,,,
im486.jpg,both,56,,,,
im49.jpg,both,2,,,,
im490.jpg,both,59,,,,
im493.jpg,both,3,,,,
im495.jpg,both,10,,,,
im499.jpg,both,3,,,,
im5.jpg,both,1,,,,
im50.jpg,both,4,,,,
im500.jpg,both,61,,,,
im501.jpg,both,21,,,,
im502.jpg,both,11,,,,
im505.jpg,both,62,,,,
im506.jpg,both,25,,,,
im507.jpg,both,63,,,,
im51.jpg,both,13,,,,
im510.jpg,both,3,,,,
im512.jpg,both,7,,,,
im513.jpg,both,34,,,,
im517.jpg,both,8,,,,
im520.jpg,both,2,,,,
im521.jpg,both,3,,,,
im522.jpg,both,77,,,,
im523.jpg,both,92,,,,
im528.jpg,both,4,,,,
im529.jpg,both,70,,,,
im53.jpg,both,5,,,,
im533.jpg,both,4,,,,
im534.jpg,both,10,,,,
im535.jpg,both,4,,,,
im538.jpg,both,80,,,,
im54.jpg,both,67,,,,
im542.jpg,both,69,,,,
im545.jpg,both,16,,,,
im547.jpg,both,79,,,,
im548.jpg,both,24,,,,
im549.jpg,both,3,,,,
im55.jpg,both,43,,,,
im551.jpg,both,2,,,,
im553.jpg,both,6,,,,
im554.jpg,both,34,,,,
im555.jpg,both,5,,,,
im556.jpg,both,1,,,,
im56.jpg,both,21,,,,
im562.jpg,both,18,,,,
im564.jpg,both,5,,,,
im566.jpg,both,3,,,,
im567.jpg,both,19,,,,
im569.jpg,both,5,,,,
im57.jpg,both,61,,,,
im571.jpg,both,1,,,,
im574.jpg,both,27,,,,
im575.jpg,both,30,,,,
im576.jpg,both,26,,,,
im577.jpg,both,6,,,,
im58.jpg,both,4,,,,
im580.jpg,both,12,,,,
im581.jpg,both,12,,,,
im583.jpg,both,2,,,,
im584.jpg,both,26,,,,
im586.jpg,both,73,,,,
im587.jpg,both,59,,,,
im588.jpg,both,80,,,,
im59.jpg,both,1,,,,
im591.jpg,both,19,,,,
im593.jpg,both,1,,,,
im594.jpg,both,51,,,,
im595.jpg,both,17,,,,
im597.jpg,both,2,,,,
im598.jpg,both,13,,,,
im599.jpg,both,2,,,,
im6.jpg,both,57,,,,
im60.jpg,both,2,,,,
im602.jpg,both,82,,,,
im604.jpg,both,10,,,,
im606.jpg,both,55,,,,
im608.jpg,both,58,,,,
im61.jpg,both,23,,,,
im612.jpg,both,7,,,,
im613.jpg,both,4,,,,
im614.jpg,both,5,,,,
im618.jpg,both,5,,,,
im619.jpg,both,9,,,,
im62.jpg,both,88,,,,
im620.jpg,both,7,,,,
im621.jpg,both,71,,,,
im623.jpg,both,15,,,,
im624.jpg,both,64,,,,
im625.jpg,both,22,,,,
im626.jpg,both,32,,,,
im627.jpg,both,5,,,,
im63.jpg,both,1,,,,
im630.jpg,both,3,,,,
im632.jpg,both,26,,,,
im633.jpg,both,9,,,,
im634.jpg,both,50,,,,
im635.jpg,both,15,,,,
im636.jpg,both,32,,,,
im637.jpg,both,22,,,,
im64.jpg,both,2,,,,
im640.jpg,both,2,,,,
im642.jpg,both,46,,,,
im644.jpg,both,68,,,,
im646.jpg,both,4,,,,
im647.jpg,both,23,,,,
im65.jpg,both,68,,,,
im653.jpg,both,6,,,,
im655.jpg,both,3,,,,
im656.jpg,both,49,,,,
im657.jpg,both,3,,,,
im66.jpg,both,3,,,,
im660.jpg,both,49,,,,
im661.jpg,both,19,,,,
im663.jpg,both,9,,,,
im664.jpg,both,5,,,,
im666.jpg,both,9,,,,
im668.jpg,both,8,,,,
im67.jpg,both,2,,,,
im670.jpg,both,2,,,,
im671.jpg,both,1,,,,
im672.jpg,both,4,,,,
im673.jpg,both,9,,,,
im674.jpg,both,24,,,,
im676.jpg,both,22,,,,
im679.jpg,both,5,,,,
im68.jpg,both,12,,,,
im681.jpg,both,1,,,,
im683.jpg,both,12,,,,
im684.jpg,both,2,,,,
im686.jpg,both,20,,,,
im688.jpg,both,10,,,,
im69.jpg,both,3,,,,
im690.jpg,both,60,,,,
im691.jpg,both,7,,,,
im692.jpg,both,41,,,,
im694.jpg,both,71,,,,
im695.jpg,both,3,,,,
im696.jpg,both,30,,,,
im698.jpg,both,1,,,,
im699.jpg,both,11,,,,
im7.jpg,both,65,,,,
im70.jpg,both,5,,,,
im700.jpg,both,3,,,,
im702.jpg,both,2,,,,
im706.jpg,both,53,,,,
im707.jpg,both,57,,,,
im71.jpg,both,1,,,,
im710.jpg,both,38,,,,
im713.jpg,both,41,,,,
im716.jpg,both,18,,,,
im72.jpg,both,3,,,,
im723.jpg,both,89,,,,
im724.jpg,both,8,,,,
im726.jpg,both,12,,,,
im728.jpg,both,3,,,,
im729.jpg,both,5,,,,
im73.jpg,both,11,,,,
im730.jpg,both,89,,,,
im731.jpg,both,12,,,,
im732.jpg,both,9,,,,
im733.jpg,both,70,,,,
im734.jpg,both,5,,,,
im738.jpg,both,95,,,,
im74.jpg,both,8,,,,
im740.jpg,both,2,,,,
im742.jpg,both,11,,,,
im743.jpg,both,7,,,,
im744.jpg,both,11,,,,
im745.jpg,both,50,,,,
im746.jpg,both,3,,,,
im747.jpg,both,4,,,,
im748.jpg,both,8,,,,
im749.jpg,both,18,,,,
im75.jpg,both,71,,,,
im750.jpg,both,9,,,,
im751.jpg,both,35,,,,
im752.jpg,both,20,,,,
im755.jpg,both,24,,,,
im757.jpg,both,8,,,,
im76.jpg,both,72,,,,
im760.jpg,both,5,,,,
im761.jpg,both,1,,,,
im762.jpg,both,26,,,,
im765.jpg,both,31,,,,
im769.jpg,both,70,,,,
im77.jpg,both,11,,,,
im771.jpg,both,14,,,,
im772.jpg,both,1,,,,
im773.jpg,both,6,,,,
im774.jpg,both,6,,,,
im775.jpg,both,64,,,,
im776.jpg,both,72,,,,
im777.jpg,both,73,,,,
im778.jpg,both,13,,,,
im78.jpg,both,9,,,,
im781.jpg,both,3,,,,
im782.jpg,both,5,,,,
im784.jpg,both,19,,,,
im787.jpg,both,1,,,,
im789.jpg,both,73,,,,
im791.jpg,both,84,,,,
im792.jpg,both,10,,,,
im795.jpg,both,1,,,,
im796.jpg,both,7,,,,
im797.jpg,both,39,,,,
im799.jpg,both,9,,,,
im80.jpg,both,8,,,,
im800.jpg,both,73,,,,
im801.jpg,both,5,,,,
im806.jpg,both,23,,,,
im807.jpg,both,5,,,,
im809.jpg,both,11,,,,
im81.jpg,both,17,,,,
im810.jpg,both,5,,,,
im812.jpg,both,16,,,,
im814.jpg,both,4,,,,
im815.jpg,both,15,,,,
im816.jpg,both,35,,,,
im82.jpg,both,1,,,,
im821.jpg,both,48,,,,
im823.jpg,both,74,,,,
im824.jpg,both,68,,,,
im83.jpg,both,82,,,,
im832.jpg,both,12,,,,
im833.jpg,both,10,,,,
im834.jpg,both,19,,,,
im84.jpg,both,21,,,,
im841.jpg,both,3,,,,
im845.jpg,both,2,,,,
im847.jpg,both,13,,,,
im849.jpg,both,2,,,,
im85.jpg,both,4,,,,
im850.jpg,both,1,,,,
im851.jpg,both,33,,,,
im852.jpg,both,29,,,,
im853.jpg,both,5,,,,
im854.jpg,both,11,,,,
im855.jpg,both,73,,,,
im856.jpg,both,21,,,,
im859.jpg,both,4,,,,
im86.jpg,both,5,,,,
im865.jpg,both,4,,,,
im867.jpg,both,5,,,,
im868.jpg,both,44,,,,
im869.jpg,both,9,,,,
im87.jpg,both,85,,,,
im871.jpg,both,24,,,,
im873.jpg,both,17,,,,
im874.jpg,both,2,,,,
im875.jpg,both,2,,,,
im876.jpg,both,56,,,,
im878.jpg,both,9,,,,
im880.jpg,both,3,,,,
im881.jpg,both,2,,,,
im882.jpg,both,9,,,,
im883.jpg,both,12,,,,
im886.jpg,both,3,,,,
im888.jpg,both,15,,,,
im89.jpg,both,11,,,,
im890.jpg,both,18,,,,
im891.jpg,both,16,,,,
im892.jpg,both,45,,,,
im893.jpg,both,3,,,,
im895.jpg,both,77,,,,
im9.jpg,both,3,,,,
im91.jpg,both,12,,,,
im911.jpg,both,67,,,,
im917.jpg,both,5,,,,
im92.jpg,both,67,,,,
im921.jpg,both,40,,,,
im925.jpg,both,54,,,,
im928.jpg,both,3,,,,
im93.jpg,both,1,,,,
im933.jpg,both,15,,,,
im94.jpg,both,14,,,,
im943.jpg,both,79,,,,
im944.jpg,both,59,,,,
im949.jpg,both,37,,,,
im95.jpg,both,2,,,,
im950.jpg,both,3,,,,
im954.jpg,both,28,,,,
im957.jpg,both,6,,,,
im96.jpg,both,7,,,,
im962.jpg,both,1,,,,
im967.jpg,both,5,,,,
im969.jpg,both,9,,,,
im97.jpg,both,5,,,,
im979.jpg,both,16,,,,
im98.jpg,both,11,,,,
im983.jpg,both,8,,,,
im987.jpg,both,0,,,,
im989.jpg,both,4,,,,
im99.jpg,both,4,,,,
im992.jpg,both,22,,,,